[
  {
    "name": "Alabama",
    "abbreviation": "AL",
    "slug": "alabama"
  },
  {
    "name": "Alaska",
    "abbreviation": "AK",
    "slug": "alaska"
  },
  {
    "name": "Arkansas",
    "abbreviation": "AR",
    "slug": "arkansas"
  },
  {
    "name": "Arizona",
    "abbreviation": "AZ",
    "slug": "arizona"
  },
  {
    "name": "California",
    "abbreviation": "CA",
    "slug": "california"
  },
  {
    "name": "Colorado",
    "abbreviation": "CO",
    "slug": "colorado"
  },
  {
    "name": "Connecticut",
    "abbreviation": "CT",
    "slug": "connecticut"
  },
  {
    "name": "Delaware",
    "abbreviation": "DE",
    "slug": "delaware"
  },
  {
    "name": "Florida",
    "abbreviation": "FL",
    "slug": "florida"
  },
  {
    "name": "Hawaii",
    "abbreviation": "HI",
    "slug": "hawaii"
  },
  {
    "name": "Illinois",
    "abbreviation": "IL",
    "slug": "illinois"
  },
  {
    "name": "Kentucky",
    "abbreviation": "KY",
    "slug": "kentucky"
  },
  {
    "name": "Louisiana",
    "abbreviation": "LA",
    "slug": "louisiana"
  },
  {
    "name": "Maine",
    "abbreviation": "ME",
    "slug": "maine"
  },
  {
    "name": "Maryland",
    "abbreviation": "MD",
    "slug": "maryland"
  },
  {
    "name": "Massachusetts",
    "abbreviation": "MA",
    "slug": "massachusetts"
  },
  {
    "name": "Michigan",
    "abbreviation": "MI",
    "slug": "michigan"
  },
  {
    "name": "Minnesota",
    "abbreviation": "MN",
    "slug": "minnesota"
  },
  {
    "name": "Mississippi",
    "abbreviation": "MS",
    "slug": "mississippi"
  },
  {
    "name": "Missouri",
    "abbreviation": "MO",
    "slug": "missouri"
  },
  {
    "name": "Montana",
    "abbreviation": "MT",
    "slug": "montana"
  },
  {
    "name": "Nevada",
    "abbreviation": "NV",
    "slug": "nevada"
  },
  {
    "name": "New Hampshire",
    "abbreviation": "NH",
    "slug": "new-hampshire"
  },
  {
    "name": "New Jersey",
    "abbreviation": "NJ",
    "slug": "new-jersey"
  },
  {
    "name": "New Mexico",
    "abbreviation": "NM",
    "slug": "new-mexico"
  },
  {
    "name": "New York",
    "abbreviation": "NY",
    "slug": "new-york"
  },
  {
    "name": "North Dakota",
    "abbreviation": "ND",
    "slug": "north-dakota"
  },
  {
    "name": "Ohio",
    "abbreviation": "OH",
    "slug": "ohio"
  },
  {
    "name": "Oklahoma",
    "abbreviation": "OK",
    "slug": "oklahoma"
  },
  {
    "name": "Oregon",
    "abbreviation": "OR",
    "slug": "oregon"
  },
  {
    "name": "Pennsylvania",
    "abbreviation": "PA",
    "slug": "pennsylvania"
  },
  {
    "name": "Rhode Island",
    "abbreviation": "RI",
    "slug": "rhode-island"
  },
  {
    "name": "South Dakota",
    "abbreviation": "SD",
    "slug": "south-dakota"
  },
  {
    "name": "Utah",
    "abbreviation": "UT",
    "slug": "utah"
  },
  {
    "name": "Vermont",
    "abbreviation": "VT",
    "slug": "vermont"
  },
  {
    "name": "Virginia",
    "abbreviation": "VA",
    "slug": "virginia"
  },
  {
    "name": "Washington",
    "abbreviation": "WA",
    "slug": "washington"
  },
  {
    "name": "West Virginia",
    "abbreviation": "WV",
    "slug": "west-virginia"
  },
  {
    "name": "Washington D.C.",
    "abbreviation": "DC",
    "slug": "washington-dc"
  },
  {
    "name": "Alberta",
    "abbreviation": "AB",
    "slug": "alberta",
    "country": "Canada"
  },
  {
    "name": "British Columbia",
    "abbreviation": "BC",
    "slug": "british-columbia",
    "country": "Canada"
  },
  {
    "name": "Manitoba",
    "abbreviation": "MB",
    "slug": "manitoba",
    "country": "Canada"
  },
  {
    "name": "New Brunswick",
    "abbreviation": "NB",
    "slug": "new-brunswick",
    "country": "Canada"
  },
  {
    "name": "Newfoundland and Labrador",
    "abbreviation": "NL",
    "slug": "newfoundland-and-labrador",
    "country": "Canada"
  },
  {
    "name": "Northwest Territories",
    "abbreviation": "NT",
    "slug": "northwest-territories",
    "country": "Canada"
  },
  {
    "name": "Nova Scotia",
    "abbreviation": "NS",
    "slug": "nova-scotia",
    "country": "Canada"
  },
  {
    "name": "Nunavut",
    "abbreviation": "NU",
    "slug": "nunavut",
    "country": "Canada"
  },
  {
    "name": "Ontario",
    "abbreviation": "ON",
    "slug": "ontario",
    "country": "Canada"
  },
  {
    "name": "Prince Edward Island",
    "abbreviation": "PE",
    "slug": "prince-edward-island",
    "country": "Canada"
  },
  {
    "name": "Quebec",
    "abbreviation": "QC",
    "slug": "quebec",
    "country": "Canada"
  },
  {
    "name": "Saskatchewan",
    "abbreviation": "SK",
    "slug": "saskatchewan",
    "country": "Canada"
  },
  {
    "name": "Yukon",
    "abbreviation": "YT",
    "slug": "yukon",
    "country": "Canada"
  }
]
