Dispensary Name,Address,City,Zip Code,Type
Jungle Boys DTLA,1530 S Alameda St #6,Los Angeles,90021,Recreational
Cookies Los Angeles,5815 Maywood Ave,Maywood,90270,Recreational
MedMen DTLA,735 S Broadway,Los Angeles,90014,Recreational
STIIIZY DTLA,728 E Commercial St,Los Angeles,90021,Recreational
The Pottery,5042 Venice Blvd,Los Angeles,90019,Recreational
The Artist Tree West Hollywood,8625 Santa Monica Blvd,West Hollywood,90069,Recreational
The Artist Tree Koreatown,520 S Western Ave,Los Angeles,90020,Recreational
MedMen West Hollywood,8208 Santa Monica Blvd,West Hollywood,90046,Recreational
Jungle Boys Orange County,2911 Tech Ctr Dr,Santa Ana,92705,Recreational
Jungle Boys Pomona,196 University Pkwy,Pomona,91768,Recreational
Cookies San Diego,7850 Mission Center Ct,San Diego,92108,Recreational
Jungle Boys San Diego,8160 Parkway Dr,La Mesa,91942,Recreational
March and Ash Mission Valley,2835 Camino Del Rio S Ste 100,San Diego,92108,Recreational
March and Ash Sabre Springs,13510 Sabre Springs Pkwy,San Diego,92129,Recreational
March and Ash Chula Vista,885 East H Street Suite A,Chula Vista,91910,Recreational
Urbn Leaf Bay Park,1028 Buenos Ave,San Diego,92110,Recreational
Urbn Leaf San Ysidro,658 E San Ysidro Blvd,San Diego,92173,Recreational
Urbn Leaf La Mesa,8939 La Mesa Blvd,La Mesa,91942,Recreational
Urbn Leaf Vista,909 W Vista Way,Vista,92083,Recreational
Urbn Leaf West Hollywood,8477 Sunset Blvd,West Hollywood,90069,Recreational
Torrey Holistics,10671 Roselle St Ste 100,San Diego,92121,Recreational & Medical
The Green Cross,4218 Mission St,San Francisco,94103,Recreational
The Apothecarium Castro,2029 Market St,San Francisco,94114,Recreational & Medical
The Apothecarium Marina,2414 Lombard St,San Francisco,94123,Recreational & Medical
The Apothecarium SoMa,527 Howard St,San Francisco,94105,Recreational & Medical
Barbary Coast,952 Mission St,San Francisco,94103,Recreational
Harborside Oakland,1840 Embarcadero,Oakland,94606,Recreational & Medical
Harborside San Jose,1365 North 10th St,San Jose,95112,Recreational & Medical
Berkeley Patients Group,2366 San Pablo Ave,Berkeley,94702,Recreational & Medical
Caliva,1695 S 7th St,San Jose,95112,Recreational
DELI by Caliva,92 Pullman Way,San Jose,95111,Recreational
Theraleaf,1014 Timothy Drive,San Jose,95133,Recreational & Medical
Perfect Union Sacramento Eastside,2035 Stockton Blvd,Sacramento,95817,Recreational
Perfect Union Sacramento Northside,1508 El Camino Ave,Sacramento,95815,Recreational
STIIIZY Pacheco,5753 Pacheco Blvd,Pacheco,94553,Recreational
Cookies Ukiah,1104 S State,Ukiah,95482,Recreational
Catalyst Silver Lake,2334 Fletcher Dr,Los Angeles,90039,Recreational
Catalyst Santa Ana,2400 Pullman St,Santa Ana,92705,Recreational
Catalyst San Bernardino,506 Inland Center Dr,San Bernardino,92408,Recreational
STIIIZY San Bernardino,390 N H St,San Bernardino,92401,Recreational
The Station Fresno,618 E Shaw Ave,Fresano,93710,Recreational
RISE Dispensary Pasadena,908 E Colorado Blvd,Pasadena,91106,Recreational & Medical
Sweet Flower Pasadena,Arroyo Parkway,Pasadena,91105,Recreational
Catalyst Downtown Long Beach,433 Pine Ave Ste 500,Long Beach,90802,Recreational
Catalyst Cherry Ave,3170 Cherry Ave,Long Beach,90807,Recreational
Catalyst Retro Row,2800 E 4th St,Long Beach,90814,Recreational
Catalyst Eastside Long Beach,2115 E 10th Street,Long Beach,90804,Recreational
Long Beach Green Room,1735 E 7th St,Long Beach,90813,Recreational
Wellgreens Chula Vista,1214 Broadway,Chula Vista,91911,Recreational
Grasshopper Chula Vista,376 Trousdale Dr,Chula Vista,91910,Recreational
Catalyst Cannabis Oxnard,4749 S Rose Ave,Oxnard,93033,Recreational
The Artist Tree Oxnard,600 N A Street,Oxnard,93030,Recreational
STIIIZY Oxnard,2343 N Oxnard Blvd,Oxnard,93036,Recreational
SafePort Cannabis Dispensary,2150 Trabajo Dr,Oxnard,93030,Recreational
From The Earth Port Hueneme,2675 N Ventura Rd #107,Port Hueneme,93041,Recreational
365 Recreational Santa Rosa,2750 Mendocino Ave,Santa Rosa,95403,Recreational
Doobie Nights Cannabis,3011 Santa Rosa Ave Ste A,Santa Rosa,95407,Recreational
Cannavine Santa Rosa,1831 Guerneville Rd Suite A,Santa Rosa,95403,Recreational
STIIIZY Santa Rosa,3175 Range Ave,Santa Rosa,95403,Recreational
JANE Healdsburg,44D Mill St,Healdsburg,95448,Recreational
Vibe By California Stockton,1550 W Fremont St # 100,Stockton,95203,Recreational
Coastal Stockton,7840 West Ln Ste F1,Stockton,95210,Recreational
Embarc Alameda,1616 Webster St,Alameda,94501,Recreational & Medical
Urbana Oakland Dispensary,415 W Grand Ave,Oakland,94612,Recreational
Kern County Dispensary,2507 S Chester Ave,Bakersfield,93304,Recreational
Greenstone Cannabis,6508 California City Blvd,California City,93505,Recreational
Royal Apothecary,19821 Neuralia Rd,California City,93505,Recreational
Tribal Nation Flower Co,Fresno,Fresno,93710,Recreational
STIIIZY Fresno,Fresno,Fresno,93710,Recreational & Medical
The Artist Tree Dispensary Fresno Palm,Fresno,Fresno,93710,Recreational & Medical
Banyan Tree Fresno,Fresno,Fresno,93710,Recreational & Medical
Culture Cannabis Club Marijuana and Weed Dispensary - Fresno Bullard,Fresno,Fresno,93710,Recreational & Medical
Cookies Fresno,Fresno,Fresno,93710,Recreational & Medical
Higher Level - Fresno,Fresno,Fresno,93710,Recreational & Medical
Embarc - Fresno Blackstone,Fresno,Fresno,93710,Recreational & Medical
Embarc - Fresno Shaw,Fresno,Fresno,93710,Recreational & Medical
7 Stars Holistic Healing Center,Oakland,Oakland,94601,Medical
A Therapeutic Alternative,Sacramento,Sacramento,95815,Recreational & Medical
Abide Napa Dispensary,Napa,Napa,94558,Recreational & Medical
BaM Body & Mind Dispensaries Long Beach,Long Beach,Long Beach,90802,Recreational & Medical
BaM Body & Mind Dispensaries San Diego,San Diego,San Diego,92121,Recreational & Medical
BaM Body & Mind Dispensaries Monterey,Monterey,Monterey,93940,Recreational & Medical
BASA Collective,San Francisco,San Francisco,94102,Recreational & Medical
Chuck's Wellness Center,Cool,Cool,95614,Medical
Collective Santa Ana,Santa Ana,Santa Ana,92701,Recreational
Legacy Kush,Santa Ana,Santa Ana,92701,Recreational
South Coast Safe Access,Santa Ana,Santa Ana,92701,Recreational & Medical
Kannabis Works,Santa Ana,Santa Ana,92701,Recreational
Tropicanna Dispensary,Santa Ana,Santa Ana,92701,Recreational
Haven Dispensary Long Beach,Redondo Ave,Long Beach,90802,Recreational
The Circle Long Beach,1755 Ximeno Ave,Long Beach,90815,Recreational
Culture Cannabis Club Long Beach,Long Beach,Long Beach,90802,Recreational
MMD Shops Long Beach,Long Beach,Long Beach,90802,Recreational & Medical
Buds Out Bay Area Delivery,Oakland,Oakland,94601,Recreational & Medical
Flore Dispensary,San Francisco,San Francisco,94114,Recreational
Fig & Thistle Apothecary,San Francisco,San Francisco,94102,Recreational
Moe Greens,San Francisco,San Francisco,94103,Recreational
Urbana Geary,San Francisco,San Francisco,94118,Recreational
Urbana Mission,San Francisco,San Francisco,94110,Recreational
STIIIZY Union Square,San Francisco,San Francisco,94102,Recreational
STIIIZY SoMa,San Francisco,San Francisco,94103,Recreational
STIIIZY Parkmerced,San Francisco,San Francisco,94132,Recreational
STIIIZY Marina,Marina,Marina,93933,Recreational
KANNA Weed Dispensary,Oakland,Oakland,94601,Recreational
Element 7 Montclair Village,Oakland,Oakland,94611,Recreational
Ohana Cannabis,Oakland,Oakland,94601,Recreational
Oakanna,Oakland,Oakland,94601,Recreational
STIIIZY Oakland,Oakland,Oakland,94601,Recreational
STIIIZY Alameda,Alameda,Alameda,94501,Recreational
Cannabis Buyers Club of Berkeley,Berkeley,Berkeley,94702,Medical
Hi-Fidelity Cannabis Shop,Berkeley,Berkeley,94702,Recreational
The Apothecarium Berkeley,Berkeley,Berkeley,94702,Recreational & Medical
Farmacy Berkeley,Berkeley,Berkeley,94702,Recreational
Park Social,Alameda,Alameda,94501,Recreational
Elemental Wellness,San Jose,San Jose,95112,Recreational & Medical
Purple Lotus,San Jose,San Jose,95112,Recreational
Cloud City Supply,San Jose,San Jose,95112,Recreational
10th Street Cannabis,San Jose,San Jose,95112,Recreational
Airfield Supply Company,San Jose,San Jose,95112,Recreational
Haze Dispensary,San Jose,San Jose,95112,Recreational
Canna Culture Collective,San Jose,San Jose,95112,Recreational
CA Collective,San Jose,San Jose,95112,Recreational
The Cake House San Jose,San Jose,San Jose,95112,Recreational
Green Solutions,Sacramento,Sacramento,95817,Recreational
All About Wellness,Sacramento,Sacramento,95817,Recreational & Medical
Vibe by California Sacramento,Sacramento,Sacramento,95817,Recreational
Abatin Wellness Center,Sacramento,Sacramento,95817,Recreational & Medical
Zen Garden Weed Dispensary,Sacramento,Sacramento,95817,Recreational
STIIIZY Davis,Davis,Davis,95616,Recreational
STIIIZY Benicia,Benicia,Benicia,94510,Recreational
STIIIZY El Cerrito,El Cerrito,El Cerrito,94530,Recreational
STIIIZY Suisun City,Suisun City,Suisun City,94585,Recreational
STIIIZY Ventura,Ventura,Ventura,93001,Recreational
Cookies Hayward,Hayward,Hayward,94541,Recreational
Cookies Oakland,Oakland,Oakland,94601,Recreational
Catalyst Bellflower,Bellflower,Bellflower,90706,Recreational
Catalyst El Monte,El Monte,El Monte,91731,Recreational
Catalyst Figueroa,Los Angeles,Los Angeles,90003,Recreational
Catalyst Florence,Los Angeles,Los Angeles,90001,Recreational
Catalyst Hawthorne,Hawthorne,Hawthorne,90250,Recreational
Catalyst Lancaster,Lancaster,Lancaster,93534,Recreational
Catalyst Lynwood,Lynwood,Lynwood,90262,Recreational
Catalyst Mid City,Los Angeles,Los Angeles,90019,Recreational
Catalyst Normandie,Los Angeles,Los Angeles,90004,Recreational
Catalyst Pomona,Pomona,Pomona,91766,Recreational
Catalyst Van Nuys,Van Nuys,Van Nuys,91401,Recreational
Catalyst Costa Mesa,Costa Mesa,Costa Mesa,92626,Recreational
Catalyst Santa Ana OC3,Santa Ana,Santa Ana,92705,Recreational
Catalyst Stanton,Stanton,Stanton,90680,Recreational
Catalyst Hemet,Hemet,Hemet,92543,Recreational
Catalyst Moreno Valley,Moreno Valley,Moreno Valley,92553,Recreational
Catalyst Palm Desert,Palm Desert,Palm Desert,92260,Recreational
Catalyst San Diego,San Diego,San Diego,92101,Recreational
Catalyst Grover Beach,Grover Beach,Grover Beach,93433,Recreational
Catalyst Marina,Marina,Marina,93933,Recreational
Catalyst Watsonville,Watsonville,Watsonville,95076,Recreational
Catalyst Antioch,Antioch,Antioch,94509,Recreational
Catalyst Daly City,Daly City,Daly City,94014,Recreational
Catalyst Patterson,Patterson,Patterson,95363,Recreational
The Artist Tree Beverly Hills,Beverly Hills,Beverly Hills,90210,Recreational
The Artist Tree Hawthorne,Hawthorne,Hawthorne,90250,Recreational
The Artist Tree Laguna Woods,Laguna Woods,Laguna Woods,92637,Recreational
The Artist Tree Fresno,Fresno,Fresno,93710,Recreational
The Artist Tree El Sobrante,El Sobrante,El Sobrante,94803,Recreational
The Artist Tree Riverside,Riverside,Riverside,92501,Recreational
STIIIZY Normandie,Los Angeles,Los Angeles,90004,Recreational
STIIIZY Hawthorne,Hawthorne,Hawthorne,90250,Recreational
STIIIZY North Hollywood,North Hollywood,North Hollywood,91601,Recreational
STIIIZY Pacoima,Pacoima,Pacoima,91331,Recreational
STIIIZY Torrance,Torrance,Torrance,90501,Recreational
STIIIZY Western,Los Angeles,Los Angeles,90004,Recreational
STIIIZY Wilmington,Wilmington,Wilmington,90744,Recreational
STIIIZY Artesia,Artesia,Artesia,90701,Recreational
STIIIZY Barstow,Barstow,Barstow,92311,Recreational
STIIIZY Corona,Corona,Corona,92879,Recreational
STIIIZY Costa Mesa,Costa Mesa,Costa Mesa,92626,Recreational
STIIIZY El Centro,El Centro,El Centro,92243,Recreational
STIIIZY Jurupa Valley,Jurupa Valley,Jurupa Valley,92509,Recreational
STIIIZY Palm Desert,Palm Desert,Palm Desert,92260,Recreational
STIIIZY Moreno Valley,Moreno Valley,Moreno Valley,92553,Recreational
STIIIZY Vista,Vista,Vista,92083,Recreational
STIIIZY Wildomar,Wildomar,Wildomar,92595,Recreational
STIIIZY Indio,Indio,Indio,92201,Recreational
Farmacy Santa Ana,Santa Ana,Santa Ana,92701,Recreational
Bud Man OC,Orange County,Orange,92868,Recreational
Kwiki,Anaheim,Anaheim,92805,Recreational
Planet 13 Orange County,Orange County,Santa Ana,92705,Recreational
Embarc Fresno,Fresno,Fresno,93710,Recreational & Medical
Haven Dispensary Fresno,Fresno,Fresno,93710,Recreational
Sweet Flower Fresno,Fresno,Fresno,93710,Recreational
Organicann,Santa Rosa,Santa Rosa,95403,Recreational
Phenotopia Dispensary,Santa Rosa,Santa Rosa,95403,Recreational
The Cake House Santa Rosa,Santa Rosa,Santa Rosa,95403,Recreational
Sonoma Medicinal Herbs,Santa Rosa,Santa Rosa,95403,Medical
Sparc Santa Rosa,Santa Rosa,Santa Rosa,95403,Recreational & Medical
The Outpost,Santa Rosa,Santa Rosa,95403,Recreational
Flame Dispensary Santa Rosa,Santa Rosa,Santa Rosa,95403,Recreational
JANE Dispensary Santa Rosa,Santa Rosa,Santa Rosa,95403,Recreational
Kiskanu,Eureka,Eureka,95501,Recreational & Medical
Crisp Lounge,Eureka,Eureka,95501,Recreational
Proper Wellness Center,Eureka,Eureka,95501,Recreational & Medical
Humboldt County Collective,Eureka,Eureka,95501,Recreational & Medical
Humboldt's Premium,Eureka,Eureka,95501,Recreational
Ecocann Dispensary,Eureka,Eureka,95501,Recreational
The Fireplace,Eureka,Eureka,95501,Recreational
MOCA Humboldt,Eureka,Eureka,95501,Recreational
Higher Ground Moreno Valley,Moreno Valley,Moreno Valley,92553,Recreational
Higher Ground San Bernardino,San Bernardino,San Bernardino,92408,Recreational
Cookies San Bernardino,West Orange Show Rd,San Bernardino,92408,Recreational
Kush Bank,San Bernardino,San Bernardino,92408,Recreational
Captain Jacks San Bernardino,San Bernardino,San Bernardino,92408,Recreational
Royal Buds Collective,San Bernardino,San Bernardino,92408,Recreational
The Reup,San Bernardino,San Bernardino,92408,Recreational
San Bernardino Hotbox,San Bernardino,San Bernardino,92408,Recreational
Green Light District,San Bernardino,San Bernardino,92408,Recreational
Positive Vibes,San Bernardino,San Bernardino,92408,Recreational
The Green Chamber,Riverside,Riverside,92501,Recreational
Mary Alice Dispensary,Riverside,Riverside,92501,Recreational
Captain Jacks Riverside,Riverside,Riverside,92501,Recreational
RemedyRoom,Riverside,Riverside,92501,Recreational
The Syndicate,Riverside,Riverside,92501,Recreational
Ether Cannabis,Riverside,Riverside,92501,Recreational
Vibe Sacramento,Sacramento,Sacramento,95817,Recreational
Vibe Stockton,Stockton,Stockton,95203,Recreational
Vibe Ukiah,Ukiah,Ukiah,95482,Recreational
Vibe Redding,Redding,Redding,96001,Recreational
Vibe Moreno Valley,Moreno Valley,Moreno Valley,92553,Recreational
KOLAS Sacramento Arden,Sacramento,Sacramento,95825,Recreational
KOLAS Sacramento Blumenfield,Sacramento,Sacramento,95825,Recreational
KOLAS Sacramento South Watt,Sacramento,Sacramento,95826,Recreational
KOLAS Sacramento Elder Creek,Sacramento,Sacramento,95828,Recreational
KOLAS Sacramento Main Ave,Sacramento,Sacramento,95838,Recreational
KOLAS Sacramento Fruitridge,Sacramento,Sacramento,95820,Recreational
Fast Grass,San Diego,San Diego,92101,Recreational
Cannabis 21+,San Diego,San Diego,92101,Recreational
Cannabist San Diego,San Diego,San Diego,92101,Recreational
AlternativesCA,Santa Rosa,Santa Rosa,95403,Recreational
JANE Dispensary Cotati,Cotati,Cotati,94931,Recreational
Cannavine Ukiah,Ukiah,Ukiah,95482,Recreational
Cannavine San Francisco,San Francisco,San Francisco,94102,Recreational
March and Ash Palm Desert,Palm Desert,Palm Desert,92260,Recreational
Caliva Bellflower,Bellflower,Bellflower,90706,Recreational
Caliva Hanford,Hanford,Hanford,93230,Recreational
Harborside San Leandro,San Leandro,San Leandro,94577,Recreational & Medical
Harborside San Francisco,San Francisco,San Francisco,94103,Recreational & Medical
Harborside Desert Hot Springs,Desert Hot Springs,Desert Hot Springs,92240,Recreational & Medical
Embarc Alameda Dispensary,Alameda,Alameda,94501,Recreational & Medical
Mankind Dispensary,San Diego,San Diego,92101,Recreational
Klover,San Diego,San Diego,92101,Recreational
Wellgreens Kearny Mesa,San Diego,San Diego,92111,Recreational & Medical
Golden State Greens,San Diego,San Diego,92101,Recreational
The Healing Center San Diego,San Diego,San Diego,92101,Recreational & Medical
March and Ash City Heights,San Diego,San Diego,92105,Recreational
March and Ash Imperial Beach,Imperial Beach,Imperial Beach,91932,Recreational
March and Ash Vista,Vista,Vista,92083,Recreational
March and Ash Imperial Valley,El Centro,El Centro,92243,Recreational
MedMen LAX,Los Angeles,Los Angeles,90045,Recreational
Delta Health and Wellness,Sacramento,Sacramento,95814,Recreational
Lemonnade Sacramento,Sacramento,Sacramento,95815,Recreational
Lemonnade Sacramento Fee Dr,1115 Fee Dr,Sacramento,95815,Recreational
Lemonnade Sacramento 47th Ave,1421 47th Ave,Sacramento,95822,Recreational
The Sanctuary Sacramento,Sacramento,Sacramento,95817,Recreational & Medical
The Sanctuary Roseville,Roseville,Roseville,95661,Recreational & Medical
The Sanctuary Citrus Heights,Citrus Heights,Citrus Heights,95610,Recreational & Medical
The Sanctuary West Sacramento,West Sacramento,West Sacramento,95691,Recreational & Medical
Packs Cannabis Dispensary,Stockton,Stockton,95203,Recreational
Zen Garden Wellness,Stockton,Stockton,95203,Recreational
SoCAL Green Meds North,Stockton,Stockton,95203,Recreational
Connected Cannabis Co Stockton,Stockton,Stockton,95203,Recreational
Jayden's Journey Weed Dispensary Modesto,Modesto,Modesto,95350,Recreational
Cookies Modesto,Modesto,Modesto,95350,Recreational
Modesto Cannabis Collective,Modesto,Modesto,95350,Recreational
Flavors Riverbank,Riverbank,Riverbank,95367,Recreational
Doctor's Choice,Modesto,Modesto,95350,Recreational
Lily Casa,Glendale,Glendale,91205,Recreational
Cornerstone Wellness,Eagle Rock,Los Angeles,90041,Recreational
Velvet,Pasadena,Pasadena,91106,Recreational
Bubblegum Dispensary,Los Angeles,Los Angeles,90027,Recreational
GREENWOLF LA,Los Angeles,Los Angeles,90038,Recreational
Stash Dash,Los Angeles,Los Angeles,90027,Recreational
Muha Meds,Los Angeles,Los Angeles,90038,Recreational
Foothill Wellness Center,Pasadena,Pasadena,91107,Medical
Exhalence LA,Los Angeles,Los Angeles,90027,Recreational
420 Altadena 25 Cap,Altadena,Altadena,91001,Recreational
Pasadena Wellness,Pasadena,Pasadena,91106,Recreational & Medical
Pasadena Healing House,Pasadena,Pasadena,91106,Medical
Budz and Beyond,Pasadena,Pasadena,91106,Recreational
Pasadena Bud Box,Pasadena,Pasadena,91106,Recreational
Varda,Pasadena,Pasadena,91106,Recreational
House Of Fire,Pasadena,Pasadena,91106,Recreational
420 Central,Orange County,Anaheim,92805,Recreational
Laguna Wellness Dispensary,Laguna Hills,Laguna Hills,92653,Recreational
OC Dispensary,Laguna Hills,Laguna Hills,92653,Recreational
OC3 Dispensary,Santa Ana,Santa Ana,92705,Recreational
Puff-N-Dash Chula Vista,Broadway and H St,Chula Vista,91910,Recreational
Embr Chula Vista,Chula Vista,Chula Vista,91910,Recreational
Legendary Organics,Oxnard,Oxnard,93030,Recreational
Wheelhouse Dispensary,Oxnard,Oxnard,93030,Recreational
Oxnard Holistics Dispensary,Oxnard,Oxnard,93030,Recreational
Skunkmasters,Oxnard,Oxnard,93030,Recreational
Dr. Greenthumb's Oxnard,Oxnard,Oxnard,93030,Recreational
HPC Oxnard,Oxnard,Oxnard,93030,Recreational
Flora Terra,Santa Rosa,Santa Rosa,95403,Recreational
SPARC Sebastopol,Sebastopol,Sebastopol,95472,Recreational & Medical
SPARC Sonoma,Sonoma,Sonoma,95476,Recreational & Medical
SPARC Napa,Napa,Napa,94558,Recreational & Medical
Dr. Greenthumb's Santa Maria,Santa Maria,Santa Maria,93454,Recreational
Red Falcon Yucca Valley Dispensary,Yucca Valley,Yucca Valley,92284,Recreational
Dr. Greenthumb's Fresno,1264 N Wishon Ave,Fresno,93728,Recreational
Humble Root Stockton,Stockton,Stockton,95203,Recreational
Smokeland Cannabis Stockton,Stockton,Stockton,95203,Recreational
Hellapaxx,San Jose,San Jose,95112,Recreational
San Jose Delivers,San Jose,San Jose,95112,Recreational
Juva,San Jose,San Jose,95112,Recreational
MedMen San Jose,San Jose,San Jose,95112,Recreational
Zen Leaf Pasadena,Pasadena,Pasadena,91106,Recreational & Medical
Haven Downtown Long Beach,404 Redondo Ave,Long Beach,90814,Recreational
Haven Long Beach Blvd,1248 Long Beach Blvd,Long Beach,90813,Recreational
MJ's Delivery,Bakersfield,Bakersfield,93304,Recreational
Green Cross Collective Of Bakersfield,Bakersfield,Bakersfield,93304,Medical
420FORME,Bakersfield,Bakersfield,93304,Recreational
Bakersfield's Best 20 Cap,Bakersfield,Bakersfield,93304,Recreational
B M C,Bakersfield,Bakersfield,93304,Recreational
Cannabis Gram Dispensary Delivery,Bakersfield,Bakersfield,93304,Recreational
The Imperial Roots,Bakersfield,Bakersfield,93304,Recreational
Ritegreens Collective,Bakersfield,Bakersfield,93304,Recreational
Green Express,Bakersfield,Bakersfield,93304,Recreational
CBD Science,Bakersfield,Bakersfield,93304,Medical
King Kind San Diego,San Diego,San Diego,92101,Recreational
Body and Mind San Diego,7625 Carroll Canyon Rd,San Diego,92121,Recreational & Medical
Obsidian Dispensary,San Francisco,San Francisco,94103,Recreational
Greenline Delivery,San Francisco,San Francisco,94103,Recreational
Grass Roots,San Francisco,San Francisco,94110,Recreational
California Street Cannabis,San Francisco,San Francisco,94118,Recreational
Basa,San Francisco,San Francisco,94102,Recreational
Mission Organic Dispensary,San Francisco,San Francisco,94110,Recreational & Medical
Purple Star MD,San Francisco,San Francisco,94102,Medical
Herbarium Los Angeles,979 N La Brea Ave,Los Angeles,90038,Recreational
HERB,Los Angeles,Los Angeles,90038,Recreational
MMD Hollywood,Hollywood,Los Angeles,90028,Recreational
Cornerstone,Eagle Rock,Los Angeles,90041,Recreational
Buds & Roses,Los Angeles,Los Angeles,90038,Recreational
Bored N Stone,Los Angeles,Los Angeles,90038,Recreational
Benzeen,Los Angeles,Los Angeles,90038,Recreational
Exotix,Los Angeles,Los Angeles,90038,Recreational
California Caregivers Alliance,Los Angeles,Los Angeles,90038,Recreational & Medical
Kush Alley,Los Angeles,Los Angeles,90038,Recreational
MedMen Venice Beach,Venice,Los Angeles,90291,Recreational
MedMen Santa Monica,Santa Monica,Santa Monica,90401,Recreational
Cookies Melrose,Los Angeles,Los Angeles,90046,Recreational
Cookies Brentwood,Brentwood,Los Angeles,90049,Recreational
Cookies Fairfax,Los Angeles,Los Angeles,90036,Recreational
Sweet Flower Studio City,Studio City,Los Angeles,91604,Recreational
Sweet Flower Melrose,Los Angeles,Los Angeles,90046,Recreational
Lowell Farms West Hollywood,West Hollywood,West Hollywood,90069,Recreational
Sherbinskis,Los Angeles,Los Angeles,90038,Recreational
TLC Collective,Los Angeles,Los Angeles,90038,Recreational
La Brea Collective,Los Angeles,Los Angeles,90036,Recreational
Higher Path,Los Angeles,Los Angeles,90038,Recreational
Green Goddess Collective,Los Angeles,Los Angeles,90038,Recreational
Holistic Releaf,Los Angeles,Los Angeles,90038,Recreational
Westside Holistic,Los Angeles,Los Angeles,90034,Recreational
Natural Healing Center,Los Angeles,Los Angeles,90038,Recreational
Greenwolf,Los Angeles,Los Angeles,90038,Recreational
The Artist Tree Sherman Oaks,Sherman Oaks,Los Angeles,91403,Recreational
The Artist Tree Westwood,Westwood,Los Angeles,90024,Recreational
ShowGrow,Los Angeles,Los Angeles,90038,Recreational
The High Note,Los Angeles,Los Angeles,90038,Recreational
Cannabiotix,Los Angeles,Los Angeles,90038,Recreational
Hyperwolf,Los Angeles,Los Angeles,90038,Recreational
Flower Co,Los Angeles,Los Angeles,90038,Recreational
Speed Weed,Los Angeles,Los Angeles,90038,Recreational
Eaze,Los Angeles,Los Angeles,90038,Recreational
Goddess Delivers,Los Angeles,Los Angeles,90038,Recreational
Emjay,Los Angeles,Los Angeles,90038,Recreational
Doctor's Orders,Los Angeles,Los Angeles,90038,Recreational
Kushfly,Los Angeles,Los Angeles,90038,Recreational
Nugg,Los Angeles,Los Angeles,90038,Recreational
Cali Xpress,Los Angeles,Los Angeles,90038,Recreational
404 Caregivers,Los Angeles,Los Angeles,90038,Recreational
Green Thumb Collective,Los Angeles,Los Angeles,90038,Recreational
People's,Los Angeles,Los Angeles,90038,Recreational
Have a Heart,Oakland,Oakland,94601,Recreational
Purple Heart Patient Center,Oakland,Oakland,94601,Medical
Magnolia Wellness,Oakland,Oakland,94601,Recreational & Medical
Blum Oakland,Oakland,Oakland,94601,Recreational
Bloom Room Oakland,Oakland,Oakland,94601,Recreational
Purple Lotus Oakland,Oakland,Oakland,94601,Recreational
Terp Town,Oakland,Oakland,94601,Recreational
Zide Door,Oakland,Oakland,94601,Recreational
Oakland Organics,Oakland,Oakland,94601,Recreational
Cookies Berkeley,Berkeley,Berkeley,94702,Recreational
Blum Berkeley,Berkeley,Berkeley,94702,Recreational
Sava,San Francisco,San Francisco,94110,Recreational
Medithrive,San Francisco,San Francisco,94103,Recreational
The Green Door,San Francisco,San Francisco,94110,Recreational
Re-Leaf Herbal Cooperative,San Francisco,San Francisco,94102,Medical
Bloom San Francisco,San Francisco,San Francisco,94110,Recreational
Vapor Room,San Francisco,San Francisco,94102,Recreational
Shambhala,San Francisco,San Francisco,94110,Recreational
Mr. Nice Guy,San Francisco,San Francisco,94103,Recreational
Urban Pharm,San Francisco,San Francisco,94103,Recreational
Blum San Francisco,San Francisco,San Francisco,94102,Recreational
Airfield Supply Co Oakland,Oakland,Oakland,94601,Recreational
Root'd In The 510,Oakland,Oakland,94601,Recreational
City Compassionate Caregivers,San Francisco,San Francisco,94102,Medical
Medbox San Francisco,San Francisco,San Francisco,94102,Recreational
Blum San Jose,San Jose,San Jose,95112,Recreational
Blum Santa Ana,Santa Ana,Santa Ana,92701,Recreational
Blum Reno,Reno,Reno,89501,Recreational
NETA Northampton,Northampton,Northampton,1060,Recreational & Medical
Urban Leaf San Diego,San Diego,San Diego,92101,Recreational
March and Ash Point Loma,San Diego,San Diego,92106,Recreational
The Vault San Diego,San Diego,San Diego,92101,Recreational
Serra San Diego,San Diego,San Diego,92101,Recreational
Cookies Chula Vista,Chula Vista,Chula Vista,91910,Recreational
Green Dragon San Diego,San Diego,San Diego,92101,Recreational
Thrive Cannabis Marketplace,San Diego,San Diego,92101,Recreational
NUG Avenue San Diego,San Diego,San Diego,92101,Recreational
Session Cannabis San Diego,San Diego,San Diego,92101,Recreational
Caliva San Jose Downtown,San Jose,San Jose,95112,Recreational
Caliva Modesto,Modesto,Modesto,95350,Recreational
Pure Life Collective,Encino,Los Angeles,91316,Recreational
TKO Reserve,Santa Monica,Santa Monica,90401,Recreational
The Sessions,Los Angeles,Los Angeles,90038,Recreational
Green Earth Collective,Los Angeles,Los Angeles,90038,Recreational
Elevated,Los Angeles,Los Angeles,90038,Recreational
Essence,Los Angeles,Los Angeles,90038,Recreational
Pure Green,Los Angeles,Los Angeles,90038,Recreational
Green Goddess,Los Angeles,Los Angeles,90038,Recreational
TreeHouse,Los Angeles,Los Angeles,90038,Recreational
The Happy Crop Shoppe,Los Angeles,Los Angeles,90038,Recreational
One Plant,Los Angeles,Los Angeles,90038,Recreational
Serra Los Angeles,Los Angeles,Los Angeles,90038,Recreational
Bloom Santa Ana,Santa Ana,Santa Ana,92701,Recreational
The Spot Santa Ana,Santa Ana,Santa Ana,92701,Recreational
Dank Depot,Santa Ana,Santa Ana,92701,Recreational
Cookies Maywood,Maywood,Maywood,90270,Recreational
STIIIZY Downtown LA,Los Angeles,Los Angeles,90014,Recreational
STIIIZY Long Beach,Long Beach,Long Beach,90802,Recreational
STIIIZY San Diego,San Diego,San Diego,92101,Recreational
STIIIZY Orange County,Santa Ana,Santa Ana,92705,Recreational
Cookies Ontario,Ontario,Ontario,91761,Recreational
Cookies Lemoore,Lemoore,Lemoore,93245,Recreational
The Artist Tree Monterey,Monterey,Monterey,93940,Recreational
The Artist Tree Carmel,Carmel,Carmel,93923,Recreational
The Artist Tree Pacific Grove,Pacific Grove,Pacific Grove,93950,Recreational
Catalyst Salinas,Salinas,Salinas,93901,Recreational
Catalyst Seaside,Seaside,Seaside,93955,Recreational
Connected Cannabis Co Sacramento,Sacramento,Sacramento,95817,Recreational
Alien Labs Sacramento,Sacramento,Sacramento,95817,Recreational
710 Labs Sacramento,Sacramento,Sacramento,95817,Recreational
Jungle Boys Sacramento,Sacramento,Sacramento,95817,Recreational
Cookies Sacramento,Sacramento,Sacramento,95817,Recreational
Sherbinskis San Francisco,San Francisco,San Francisco,94103,Recreational
Cookies San Francisco Marina,San Francisco,San Francisco,94123,Recreational
The Pottery West Hollywood,West Hollywood,West Hollywood,90069,Recreational
Flower Company,San Francisco,San Francisco,94103,Recreational
Eaze San Francisco,San Francisco,San Francisco,94103,Recreational
Meadow,San Francisco,San Francisco,94103,Recreational
Caliva San Francisco,San Francisco,San Francisco,94103,Recreational
Caliva Oakland,Oakland,Oakland,94601,Recreational
Caliva Sacramento,Sacramento,Sacramento,95817,Recreational
STIIIZY Sacramento Downtown,Sacramento,Sacramento,95814,Recreational
STIIIZY Sacramento Arden,Sacramento,Sacramento,95825,Recreational
STIIIZY San Jose Downtown,San Jose,San Jose,95112,Recreational
STIIIZY Berkeley Telegraph,Berkeley,Berkeley,94704,Recreational
STIIIZY Oakland Broadway,Oakland,Oakland,94607,Recreational
Connected Cannabis Co Los Angeles,Los Angeles,Los Angeles,90038,Recreational
Alien Labs Los Angeles,Los Angeles,Los Angeles,90038,Recreational
710 Labs Los Angeles,Los Angeles,Los Angeles,90038,Recreational
Jungle Boys North Hollywood,North Hollywood,Los Angeles,91601,Recreational
Jungle Boys Buena Park,Buena Park,Buena Park,90620,Recreational
Urbn Leaf Mission Valley,San Diego,San Diego,92108,Recreational
Urbn Leaf Grossmont,La Mesa,La Mesa,91942,Recreational
Urbn Leaf North Park,San Diego,San Diego,92104,Recreational
Torrey Pines Dispensary,San Diego,San Diego,92037,Recreational
NUG Avenue Dispensary,Chula Vista,Chula Vista,91910,Recreational
Green Dragon Vista,Vista,Vista,92083,Recreational
March and Ash Downtown,San Diego,San Diego,92101,Recreational
Cannabist Downtown San Diego,San Diego,San Diego,92101,Recreational
The Green Room San Diego,San Diego,San Diego,92101,Recreational
Solful Sebastopol,Sebastopol,Sebastopol,95472,Recreational & Medical
Emerald Perspective Hopland,Hopland,Hopland,95449,Recreational
Emerald Sky Hopland,Hopland,Hopland,95449,Recreational
Garberville Wellness Center,Garberville,Garberville,95542,Recreational & Medical
Humboldt Patient Resource Center,Eureka,Eureka,95501,Recreational & Medical
Humboldt Legends,Eureka,Eureka,95501,Recreational
Redwood Remedies,Eureka,Eureka,95501,Recreational
Greener Pastures,Arcata,Arcata,95521,Recreational
Higher Elevation,Arcata,Arcata,95521,Recreational
Arcata Healing Arts,Arcata,Arcata,95521,Recreational & Medical
Humboldt Cannabis Company,Arcata,Arcata,95521,Recreational
Blum Ukiah,Ukiah,Ukiah,95482,Recreational
The Spot Ukiah,Ukiah,Ukiah,95482,Recreational
Mendocino Generations,Ukiah,Ukiah,95482,Recreational
Sungrown Dispensary,Ukiah,Ukiah,95482,Recreational
HWY 128 Cannabis,Ukiah,Ukiah,95482,Recreational
Natural Healing Center Grover Beach,Grover Beach,Grover Beach,93433,Recreational & Medical
Natural Healing Center Santa Barbara,Santa Barbara,Santa Barbara,93101,Recreational & Medical
Coastal Dispensary Santa Barbara,Santa Barbara,Santa Barbara,93101,Recreational
SB Wellness,Santa Barbara,Santa Barbara,93101,Recreational & Medical
Paradise Found,Santa Barbara,Santa Barbara,93101,Recreational
A Perfect Releaf,Santa Barbara,Santa Barbara,93101,Recreational
The Vault Santa Barbara,Santa Barbara,Santa Barbara,93101,Recreational
Isla Verde,Santa Barbara,Santa Barbara,93101,Recreational
Kind Farms Santa Barbara,Santa Barbara,Santa Barbara,93101,Recreational
Los Alamos Dispensary,Los Alamos,Los Alamos,93440,Recreational
King Clone Cannabis Lompoc,Lompoc,Lompoc,93436,Recreational
The Artist Tree San Luis Obispo,San Luis Obispo,San Luis Obispo,93401,Recreational
Natural Healing Center San Luis Obispo,San Luis Obispo,San Luis Obispo,93401,Recreational & Medical
SLO Provisions,San Luis Obispo,San Luis Obispo,93401,Recreational
Cuesta Cannabis Collective,San Luis Obispo,San Luis Obispo,93401,Recreational
Central Coast Ag,Santa Maria,Santa Maria,93454,Recreational
Mountain High,Santa Maria,Santa Maria,93454,Recreational
Greenbridge,Santa Maria,Santa Maria,93454,Recreational
420 Canna Mart,Santa Maria,Santa Maria,93454,Recreational
Natural Healing Center Paso Robles,Paso Robles,Paso Robles,93446,Recreational & Medical
Paso Cannabis Emporium,Paso Robles,Paso Robles,93446,Recreational
The People's Remedy,Paso Robles,Paso Robles,93446,Recreational
The Healing Farm,Paso Robles,Paso Robles,93446,Recreational
Kind Farms Atascadero,Atascadero,Atascadero,93422,Recreational
The Green Room Atascadero,Atascadero,Atascadero,93422,Recreational
Blum Arroyo Grande,Arroyo Grande,Arroyo Grande,93420,Recreational
Pure Beauty Nipomo,Nipomo,Nipomo,93444,Recreational
Catalyst Morro Bay,Morro Bay,Morro Bay,93442,Recreational
Catalyst Los Osos,Los Osos,Los Osos,93402,Recreational
Catalyst Cayucos,Cayucos,Cayucos,93430,Recreational
Santa Cruz Naturals,Santa Cruz,Santa Cruz,95060,Recreational & Medical
Kind Peoples,Santa Cruz,Santa Cruz,95060,Recreational & Medical
Greenhouse Santa Cruz,Santa Cruz,Santa Cruz,95060,Recreational
Buddies Santa Cruz,Santa Cruz,Santa Cruz,95060,Recreational
Scents of Cannabis,Santa Cruz,Santa Cruz,95060,Recreational
Santa Cruz Veterans Alliance,Santa Cruz,Santa Cruz,95060,Recreational & Medical
7 Stars Santa Cruz,Santa Cruz,Santa Cruz,95060,Recreational
SC Labs Santa Cruz,Santa Cruz,Santa Cruz,95060,Recreational
Blum Santa Cruz,Santa Cruz,Santa Cruz,95060,Recreational
Canna Cruz,Santa Cruz,Santa Cruz,95060,Recreational
Purple Lotus Santa Cruz,Santa Cruz,Santa Cruz,95060,Recreational
The Vault Capitola,Capitola,Capitola,95010,Recreational
Central Coast Organics,Soquel,Soquel,95073,Recreational
Blum Watsonville,Watsonville,Watsonville,95076,Recreational
Green Barn Watsonville,Watsonville,Watsonville,95076,Recreational
Native Roots Aptos,Aptos,Aptos,95003,Recreational
Tradecraft Farms Salinas,Salinas,Salinas,93901,Recreational
Pure Monterey,Monterey,Monterey,93940,Recreational
The Artist Tree Seaside,Seaside,Seaside,93955,Recreational
Del Monte Wellness,Seaside,Seaside,93955,Recreational
Marina Dispensary,Marina,Marina,93933,Recreational
Sanctuary Carmel,Carmel,Carmel,93923,Recreational & Medical
