Dispensary Name,Address,City,Zip Code,Type
Nectar - 122nd and Division,2367 SE 122nd Ave,Portland,97233,Recreational/Medical
Nectar - 122nd and Holladay,1019 NE 122nd Ave,Portland,97230,Recreational/Medical
Nectar - 22nd & Division,2123 SE Division St,Portland,97214,Recreational/Medical
Nectar - Barbur,10931 SW 53rd Ave,Portland,97219,Recreational/Medical
Nectar - Allen Blvd,14195 SW Allen Blvd,Beaverton,97005,Recreational/Medical
Nectar - Hall,8705 SW Hall Blvd,Beaverton,97008,Recreational/Medical
Nectar - Hillsdale,10477 SW Beaverton Hillsdale Hwy,Beaverton,97005,Recreational/Medical
Nectar - Regatta,15930 SW Regatta Ln,Beaverton,97006,Recreational/Medical
Nectar - Aloha,20595 SW Tualatin Valley Hwy,Beaverton,97006,Recreational/Medical
Nectar - Ashland,488 N Main Street,Ashland,97520,Recreational/Medical
Nectar - Eugene 6th,698 W 6th Ave,Eugene,97402,Recreational/Medical
Nectar - Salem Commercial,3514 Commercial St SE,Salem,97302,Recreational/Medical
Nectar - Medford,Medford,,,Recreational/Medical
Nectar - Grants Pass,Grants Pass,,,Recreational/Medical
Nectar - Gresham Burnside,Gresham,,,Recreational/Medical
Nectar - Gresham Halsey,Gresham,,,Recreational/Medical
Nectar - Gresham 3rd,Gresham,,,Recreational/Medical
Nectar - Gresham 162nd Ave,Gresham,,,Recreational/Medical
Nectar - Happy Valley,Happy Valley,,,Recreational/Medical
Nectar - Hillsboro,Hillsboro,,,Recreational/Medical
Nectar - Milwaukie Harmony,Milwaukie,,,Recreational/Medical
Nectar - Milwaukie McLoughlin,Milwaukie,,,Recreational/Medical
Nectar - Springfield,Springfield,,,Recreational/Medical
Nectar - Tillamook,Tillamook,,,Recreational/Medical
Floyd's Fine Cannabis on Broadway,801 NE Broadway St,Portland,97232,Recreational
Floyd's Fine Cannabis on 28th,5217 SE 28th Ave,Portland,97202,Recreational
Floyd's Fine Cannabis on Sandy,5944 NE Sandy Blvd,Portland,97213,Recreational
Floyd's Fine Cannabis on Columbia,1602 N Columbia Blvd,Portland,97217,Recreational
Floyd's Fine Cannabis Slabtown,2515 NW Nicolai,Portland,97210,Recreational
Floyd's Fine Cannabis Division,10561 SE Division St,Portland,97266,Recreational
Electric Lettuce - Weidler,Portland,,,Recreational
Electric Lettuce - Alberta,Portland,,,Recreational
Electric Lettuce - Sandy,Sandy,,,Recreational
Electric Lettuce - Old Town,214 NW Couch St,Portland,97209,Recreational
Electric Lettuce - Oregon City,1279 Molalla Ave,Oregon City,97045,Recreational
Electric Lettuce - Eugene,Eugene,,,Recreational
Serra Belmont,2519 SE Belmont St,Portland,97214,Recreational
Serra Downtown,220 SW 1st Ave,Portland,97204,Recreational
Chalice Farms - Downtown Portland,823 SW Naito Pkwy,Portland,97204,Recreational
Chalice Farms - Powell,5333 SE Powell Blvd,Portland,97206,Recreational
Chalice Farms - PDX Airport,13315 NE Airport Way #700,Portland,97230,Recreational
Chalice Farms - Tigard,16735 SW Pacific Hwy,Portland,97224,Recreational
Chalice Cannabis - West Salem,1077 Edgewater St NW,Salem,97304,Recreational
Bridge City Collective - North Portland,4312 N Williams Ave,Portland,,Recreational
Bridge City Collective - Southeast Portland,215 SE Grand Ave,Portland,97214,Recreational
Oregrown - Bend,1199 NW Wall St,Bend,97701,Recreational
Oregrown - Portland,111 NE 12th Ave,Portland,97232,Recreational
Oregrown - Cannon Beach,215 N Hemlock,Cannon Beach,97110,Recreational
Oregrown - Eugene,211 West 6th Ave,Eugene,97401,Recreational
La Mota - Southeast Portland,7435 SE 52nd Ave,Portland,97206,Recreational/Medical
La Mota - Northeast Portland,Portland,,,Recreational/Medical
La Mota - North Portland,Portland,,,Recreational/Medical
La Mota - Salem,3297 Portland Rd NE,Salem,97301,Recreational/Medical
La Mota - Eugene,Eugene,,,Recreational/Medical
La Mota - Drain,Drain,,,Recreational/Medical
La Mota - Sweet Home,Sweet Home,,,Recreational/Medical
La Mota - Lebanon,Lebanon,,,Recreational/Medical
Substance Market - South Highway 97,61406 S Highway 97,Bend,97702,Recreational/Medical
Substance Market - Division Street,1814 NE Division St,Bend,97701,Recreational/Medical
Substance Market - Empire Avenue,20365 NE Empire Avenue,Bend,97703,Recreational/Medical
Substance Market - Cottage Grove,Cottage Grove,,,Recreational/Medical
Substance Market - Springfield,Springfield,,,Recreational/Medical
Substance Market - Medford,Medford,,,Recreational/Medical
Substance Market - Gold Hill,Gold Hill,,,Recreational/Medical
Substance Market - Ashland,Ashland,,,Recreational/Medical
Cannabis Nation - Beaverton,15915 NW Schendel Ave #104,Beaverton,97006,Recreational
Cannabis Nation - Gresham,1500 NE Division St,Gresham,97030,Recreational
Cannabis Nation - Oregon City,1128 Main St,Oregon City,97045,Recreational
Cannabis Nation - Sunriver,56789 Lunar Drive,Bend,97707,Recreational
Cannabis Nation - Seaside,Seaside,,,Recreational
Lucky Lion - Eugene,2164 W 7th Ave,Eugene,97402,Recreational
Lucky Lion - NE Halsey,7817 NE Halsey St,Portland,97213,Recreational
Lucky Lion - SE Powell,14800 SE Powell Blvd,Portland,97236,Recreational
Lucky Lion - NE Sandy,16148 NE Sandy Blvd,Portland,97230,Recreational
Lucky Lion - Springfield,2147 Main St,Springfield,97477,Recreational
Homegrown Oregon - Albany,921 SE 9th Ave,Albany,,Recreational
Homegrown Oregon - Beaverton,6330 SW Beaverton Hillsdale Hwy,Portland,97221,Recreational
Homegrown Oregon - West Salem,1077 Edgewater St NW,Salem,,Recreational
Homegrown Oregon - Salem Liberty,2820 Liberty St NE,Salem,,Recreational
Homegrown Oregon - Lansing Ave,Salem,,,Recreational
Local Leaf,7625 SW Oleson Rd,Portland,97223,Recreational
Parlour Cannabis Shoppe,4702 SW Scholls Ferry Rd,Portland,97225,Recreational
Five Zero Trees - West,5336 SW Beaverton-Hillsdale Hwy,Portland,97221,Recreational
Five Zero Trees - Oregon City,719 Main St,Oregon City,97045,Recreational
Five Zero Trees - East,10209-02 SE Division Ave,Portland,97266,Recreational
Farma,916 SE Hawthorne Blvd,Portland,97214,Recreational/Medical
Natural Wonders,3831 SE Main St,Portland,97214,Recreational/Medical
Broadway Cannabis Market - Downtown PDX,219 SW Broadway Ave,Portland,97205,Recreational
Broadway Cannabis Market - Pearl District,427 NW Broadway Ave,Portland,97209,Recreational
Broadway Cannabis Market - PSU,1016 SW Clay St,Portland,97201,Recreational
Broadway Cannabis Market - McLoughlin,5035 SE McLoughlin Blvd,Portland,97202,Recreational
Mint Cannabis - Downtown Portland,625 SW 10th Ave,Portland,97205,Recreational
Mint Cannabis - SE Powell,729 SE Powell Blvd,Portland,,Recreational
Mint Cannabis - Hillsboro,Hillsboro,,,Recreational
Budz Cannabis Superstore,3600 Merlin Rd,Grants Pass,97526,Recreational
New Millennium,Eugene,,,Recreational
Flowr of Lyfe,Eugene,,,Recreational
SpaceBuds The Dispensary,Eugene,,,Recreational
Jamaica Joel's,Eugene,,,Recreational
Holy Grail,Eugene,,,Recreational
Peach Cannabis,Eugene,,,Recreational
Apothca,Eugene,,,Recreational
Oregon's Green Rush,Eugene,,,Recreational
Deep Roots Cannabis,Eugene,,,Recreational
The Medication Station,Cottage Grove,,,Recreational/Medical
Green Room Dispensary,Corvallis,,,Recreational
Marie Janes Cannabis Connection,Springfield,,,Recreational
Floyd's Fine Cannabis Slabtown,Portland,,,Recreational
Chalice Farms Downtown,Portland,,,Recreational
Mint Cannabis Co,Portland,,,Recreational
Zion Cannabis,Portland,,,Recreational
Truly Pure,Portland,,,Recreational
ASAP BUDS COLLECTIVE,Portland,,,Recreational
Trees Waterfront,Portland,,,Recreational
SOMEWHERE,Portland,,,Recreational
Happy Leaf,Portland,,,Recreational
Home Grown Apothecary,Portland,,,Recreational
Pakalolo PDX,Portland,,,Recreational
Kings of Canna,Portland,,,Recreational
VIBE | Amberlight,Portland,,,Recreational
OG Collective - West Salem,908 Edgewater St NW,Salem,97304,Recreational/Medical
OG Collective - Hawthorne,Salem,,,Recreational/Medical
THC Recreation Station,1295 Oxford St,Salem,,Recreational
Truth Dispensary,1735 Lancaster Dr NE,Salem,,Recreational
Oregon Bud Company,3450 River Rd,Salem,,Recreational
The Bake Shop,3125 Portland Rd NE,Salem,,Recreational
The Joint Dispensaries,Salem,,,Recreational
Green Cross Cannabis Emporium,Salem,,,Recreational
Southern Oregon Cannabis Connection,Grants Pass,,,Recreational
The House of Dank,Reedsport,,,Recreational
Green Earth Medicine,Oregon,,,Medical
Sweet Tree Farms,Eugene,,,Recreational
Eugene OG,Eugene,,,Recreational
Archive Portland,Portland,,,Recreational
Buddy's Cannabis,Portland,,,Recreational
Green Mart,Portland,,,Recreational
Pot Mates,Portland,,,Recreational
TreeHouse Dispensary,Portland,,,Recreational
Dank City,Portland,,,Recreational
Green Thumb,Bend,,,Recreational
Cannabis Outlet,Bend,,,Recreational
High Desert Cannabis,Bend,,,Recreational
The Dispensary,Bend,,,Recreational
Nectar - Alberta,Portland,,,Recreational/Medical
Nectar - Hawthorne,Portland,,,Recreational/Medical
Nectar - Mississippi Ave,Portland,,,Recreational/Medical
Nectar - Powell,Portland,,,Recreational/Medical
Nectar - Sandy & 33rd,Portland,,,Recreational/Medical
Nectar - Sandy & 68th,Portland,,,Recreational/Medical
Nectar - Stark St,Portland,,,Recreational/Medical
Nectar - Terwilliger Blvd,Portland,,,Recreational/Medical
Nectar - Washington St,Portland,,,Recreational/Medical
Nectar - Woodstock Blvd,Portland,,,Recreational/Medical
Nectar - Portland 11th,Portland,,,Recreational/Medical
Nectar - Bull Mountain,Tigard,,,Recreational/Medical
Nectar - Forest Grove,Forest Grove,,,Recreational/Medical
Nectar - Salem Liberty Rd,Salem,,,Recreational/Medical
Nectar - Ontario 1st,Ontario,,,Recreational/Medical
Nectar - River Rd,Eugene,,,Recreational/Medical
People's Dispensary,Portland,,,Recreational
Canna Daddies,Portland,,,Recreational
Portland Cannabis Company,Portland,,,Recreational
Amerijuana,Portland,,,Recreational
The Herb Shoppe,Portland,,,Recreational
Cannabis City,Portland,,,Recreational
Nectar - Daly City,Daly City,CA,,Recreational/Medical
Serra Los Angeles,Los Angeles,CA,,Recreational
Electric Lettuce - Chico,Chico,CA,,Recreational
Nectar - Costa Mesa,Costa Mesa,CA,,Recreational
Nectar - Merced,Merced,CA,,Recreational
Nectar - Manteca,Manteca,CA,,Recreational
Higher Leaf,Portland,,,Recreational
Foster Buds,Portland,,,Recreational
La Mota - 99th NE Portland,Portland,,,Recreational/Medical
La Mota - North Portland,Portland,,,Recreational/Medical
Today's Herbal Choice,Portland,,,Recreational
Diem Cannabis,Portland,,,Recreational
Serra - Multiple CA Locations,California,CA,,Recreational
Green Planet,Salem,,,Recreational
SWED,Eugene,,,Recreational
Kaya Shack,Eugene,,,Recreational
Deschutes Growery,Bend,,,Recreational
Fifteen Cannabis,Bend,,,Recreational
Oasis Cannabis,Portland,,,Recreational
Oregon Weedery,Portland,,,Recreational
Nectar Markets Corporate,Portland,,,Corporate
